"","x"
"1","de"
"2","l"
"3","que"
"4","à"
"5","d"
"6","est"
"7","être"
"8","la"
"9","qui"
"10","et"
"11","en"
"12","le"
"13","ce"
"14","une"
"15","il"
"16","ne"
"17","plus"
"18","un"
"19","pas"
"20","nous"
"21","je"
"22","dans"
"23","qu"
"24","cette"
"25","comme"
"26","se"
"27","au"
"28","les"
"29","du"
"30","ou"
"31","existence"
"32","même"
"33","c"
"34","Mais"
"35","par"
"36","dire"
"37","n"
"38","si"
"39","sur"
"40","a"
"41","chose"
"42","des"
"43","on"
"44","tout"
"45","mon"
"46","bien"
"47","ici"
"48","quelque"
"49","me"
"50","pour"
"51","sens"
"52","soit"
"53","mais"
"54","mot"
"55","où"
"56","peut"
"57","sorte"
"58","acte"
"59","elle"
"60","j"
"61","encore"
"62","exister"
"63","fait"
"64","là"
"65","serait"
"66","tant"
"67","ceci"
"68","façon"
"69","toujours"
"70","—"
"71","corps"
"72","Il"
"73","semble"
"74","y"
"75","affirmation"
"76","ai"
"77","ailleurs"
"78","autre"
"79","avec"
"80","est-ce"
"81","existe"
"82","présence"
"83","réalité"
"84","s"
"85","sans"
"86","son"
"87","sont"
"88","ces"
"89","cet"
"90","contraire"
"91","dit"
"92","dont"
"93","doute"
"94","En"
"95","est-à-dire"
"96","été"
"97","existant"
"98","m"
"99","moins"
"100","penser"
"101","peux"
"102","pouvoir"
"103","question"
"104","abord"
"105","doit"
"106","entre"
"107","étant"
"108","fois"
"109","idée"
"110","jugement"
"111","part"
"112","peut-être"
"113","puis"
"114","sa"
"115","suis"
"116","sujet"
"117","toutes"
"118","alors"
"119","âme"
"120","après"
"121","Ce"
"122","celui"
"123","certaine"
"124","clairement"
"125","esse"
"126","faut"
"127","français"
"128","jardin"
"129","Je"
"130","L"
"131","La"
"132","leur"
"133","lui-même"
"134","mesure"
"135","moi"
"136","objet"
"137","parce"
"138","pensée"
"139","pourrait"
"140","proprement"
"141","quelle"
"142","Si"
"143","simplement"
"144","sommes"
"145","veut"
"146","vrai"
"147","absolument"
"148","ait"
"149","an"
"150","appareil"
"151","aspect"
"152","avons"
"153","car"
"154","certain"
"155","choses"
"156","clair"
"157","comment"
"158","contre"
"159","dernier"
"160","devant"
"161","difficile"
"162","équivoque"
"163","exemple"
"164","Gilson"
"165","Hugo"
"166","image"
"167","justement"
"168","laquelle"
"169","meuble"
"170","moi-même"
"171","mots"
"172","Napoléon"
"173","objets"
"174","On"
"175","pente"
"176","pierre"
"177","point"
"178","prendre"
"179","problème"
"180","rapport"
"181","recherche"
"182","Sans"
"183","semble-t-il"
"184","sera"
"185","seulement"
"186","signifie"
"187","simple"
"188","simulacre"
"189","soi"
"190","susceptible"
"191","telle"
"192","terme"
"193","Victor"
"194","vie"
"195","accent"
"196","ambiguïté"
"197","apparaît"
"198","assez"
"199","atteint"
"200","aujourd'hui"
"201","aurons"
"202","aussi"
"203","autant"
"204","autres"
"205","aux"
"206","cela"
"207","De"
"208","déjà"
"209","demander"
"210","Dieu"
"211","disons"
"212","distinction"
"213","ens"
"214","essentiellement"
"215","étant?"
"216","être?"
"217","exactement"
"218","faire"
"219","faudrait"
"220","fond"
"221","invisible"
"222","J"
"223","jamais"
"224","lequel"
"225","lieu"
"226","lui"
"227","ma"
"228","manière"
"229","moment"
"230","non"
"231","notre"
"232","Nous"
"233","paraît"
"234","parler"
"235","particulier"
"236","philosophes"
"237","plutôt"
"238","porte"
"239","pourrait-il"
"240","prédication"
"241","présente"
"242","propriété"
"243","puisse"
"244","Qu"
"245","réduire"
"246","réflexion"
"247","rien"
"248","savoir"
"249","spécification"
"250","subsiste"
"251","suite"
"252","tel"
"253","temps"
"254","tend"
"255","tenté"
"256","très"
"257","trop"
"258","verbe"
"259","vérité"
"260","vers"
"261","veux"
"262","absence"
"263","accidents"
"264","accumuler"
"265","admettre"
"266","agit"
"267","ainsi"
"268","amené"
"269","analyse"
"270","anglais"
"271","antérieur"
"272","apparaître"
"273","apparition"
"274","appeler"
"275","appréhendée"
"276","attention"
"277","aucun"
"278","aucune"
"279","aura"
"280","aurait"
"281","aussitôt"
"282","avant"
"283","Bos"
"284","cas"
"285","Ceci"
"286","centre"
"287","certains"
"288","Cette"
"289","cherché"
"290","chez"
"291","compte"
"292","conceptualisable"
"293","concrète"
"294","concrètement"
"295","conduit"
"296","confond"
"297","confusions"
"298","consiste"
"299","contemporaine"
"300","crainte"
"301","croire"
"302","cru"
"303","date"
"304","définit"
"305","définitions"
"306","delà"
"307","désigne"
"308","détruit"
"309","devenir"
"310","difficultés"
"311","dis"
"312","distance"
"313","dit-il"
"314","dite"
"315","domaine"
"316","don"
"317","donc"
"318","douteux"
"319","Du"
"320","effectivement"
"321","elle-même"
"322","émerveillement"
"323","énoncer"
"324","ensemble"
"325","entendu"
"326","épaisseur"
"327","espérer"
"328","essences"
"329","exigences"
"330","existentiel"
"331","exprimer"
"332","finalement"
"333","foi"
"334","grâce"
"335","grave"
"336","grossière"
"337","hélas"
"338","humilité"
"339","immédiate"
"340","implique"
"341","inconvénient"
"342","infiniment"
"343","intervalle"
"344","jusqu"
"345","laisse"
"346","leurs"
"347","liberté"
"348","lié"
"349","livre"
"350","logique"
"351","lorsqu"
"352","lumière"
"353","malgré"
"354","métaphysique"
"355","mode"
"356","montrer"
"357","mystère"
"358","naissance"
"359","nécessaire"
"360","nécessairement"
"361","nom"
"362","non-être"
"363","non-existence"
"364","œuvre"
"365","ont"
"366","ontologie"
"367","ontologique"
"368","opposition"
"369","ordre"
"370","ose"
"371","participe"
"372","passe"
"373","peine"
"374","pense"
"375","perspective"
"376","pèse"
"377","peu"
"378","peuvent"
"379","philosophe"
"380","possède"
"381","possibles"
"382","Pour"
"383","prédicat"
"384","prend"
"385","présent"
"386","pris"
"387","prise"
"388","probablement"
"389","profondément"
"390","propre"
"391","propriétés"
"392","puisqu"
"393","pur"
"394","qualités"
"395","Que"
"396","Rappelons-nous"
"397","rapports"
"398","reconnais"
"399","reconnaître"
"400","regardé"
"401","rendre"
"402","révélation"
"403","revient"
"404","Rilke"
"405","saint"
"406","sauf"
"407","saurait"
"408","sensible"
"409","seul"
"410","situe"
"411","spontanément"
"412","substantivement"
"413","sûr"
"414","tendre"
"415","termes"
"416","Thomas"
"417","tient"
"418","ton"
"419","tous"
"420","traduit"
"421","traiter"
"422","ultérieurement"
"423","usage"
"424","verrons"
"425","visible"
"426","voilà"
"427","voir"
"428","voit"
"429","vous"
"430","vraiment"
"431","vue"
"432","—-"
"433","?"
"434",""""
"435","(ens)"
"436","(Esse"
"437","(esse)"
"438","(est-ce"
"439","(ju"
"440","(ne"
"441","(res)"
"442","#u"
"443","A"
"444","a-t-elle"
"445","ab"
"446","abandonner"
"447","abeilles"
"448","abordée"
"449","aborder"
"450","abordons"
"451","accepté"
"452","accomplissant"
"453","accordé"
"454","achèvement"
"455","actes"
"456","activité"
"457","actuellement"
"458","adjonction"
"459","Admettons"
"460","affecter"
"461","afïirma-tion"
"462","Afin"
"463","aide"
"464","aie"
"465","aime"
"466","Ainsi"
"467","ajoute-t-il"
"468","ajouter"
"469","allemand"
"470","amphibologie"
"471","amphibologique"
"472","analogie"
"473","analytique"
"474","André"
"475","Ange"
"476","anglaise"
"477","apparaîtra"
"478","appelé"
"479","appelle"
"480","appelons"
"481","appeté"
"482","appliquait"
"483","approcher"
"484","approcherais"
"485","Aquin"
"486","aristotélicienne"
"487","armoire"
"488","arrive"
"489","arrivent"
"490","art"
"491","art?"
"492","article"
"493","articulation"
"494","aspects"
"495","assimilé"
"496","assise"
"497","Attachons-nous"
"498","audiblement"
"499","auquel"
"500","auraient"
"501","aurais"
"502","aus"
"503","auteur"
"504","authenticité"
"505","autrement"
"506","autrui"
"507","avait"
"508","avantage"
"509","avez"
"510","avoir"
"511","avons-nous"
"512","avoue"
"513","bas"
"514","beaucoup"
"515","beaux"
"516","bêche"
"517","bées"
"518","being"
"519","bicyclette"
"520","Bien"
"521","blanche"
"522","Briefe"
"523","butinons"
"524","C"
"525","Car"
"526","caractère"
"527","caractères"
"528","celle"
"529","celle-ci"
"530","Celte"
"531","Celui-ci"
"532","central"
"533","cependant"
"534","certaine-"
"535","Ces"
"536","champ"
"537","change"
"538","chaque"
"539","chargée"
"540","Charles"
"541","chemin?"
"542","chercher"
"543","citer"
"544","claire"
"545","clarifier"
"546","coïncider"
"547","combler"
"548","Comme"
"549","commençons-nous"
"550","Comment"
"551","commentaire"
"552","comparaison?"
"553","complication"
"554","concentre"
"555","conception"
"556","concepts"
"557","concevoir"
"558","conclure"
"559","conclusion"
"560","conçu"
"561","conçue"
"562","condamné"
"563","condition"
"564","conditions"
"565","confère"
"566","conférer"
"567","confondre"
"568","connexion"
"569","conscience"
"570","conséquent"
"571","considération"
"572","considéré"
"573","considère"
"574","considérée"
"575","considérons"
"576","consignifie"
"577","constamment"
"578","constant"
"579","constatation"
"580","constate"
"581","constitue"
"582","constituent"
"583","construit"
"584","contemple"
"585","contesterai"
"586","contexte"
"587","contradiction"
"588","contradictoires?"
"589","contribuer"
"590","conversion"
"591","coordination"
"592","copule"
"593","corporelle"
"594","correspond"
"595","corrompre"
"596","côté"
"597","coup"
"598","courant"
"599","coutume"
"600","créant"
"601","création"
"602","créature"
"603","creuser"
"604","croix?"
"605","cruciale"
"606","danger"
"607","Dans"
"608","déconcertant"
"609","défi"
"610","définir"
"611","définissable)"
"612","définisse"
"613","défor-"
"614","dégage"
"615","dégénérer"
"616","délibérément"
"617","demande"
"618","demeurer"
"619","démolie"
"620","déplacements"
"621","dépourvues"
"622","dérive"
"623","dernière"
"624","derniers"
"625","dès"
"626","des-Iructions"
"627","Descartes"
"628","désignable"
"629","désigner"
"630","dessein"
"631","détourner"
"632","détournons"
"633","détruite"
"634","deux"
"635","deuxième"
"636","devient"
"637","Dialogue"
"638","dicitur"
"639","difïicultés"
"640","Dira-t-on"
"641","dirais"
"642","dire?"
"643","directement"
"644","direction"
"645","dirons"
"646","dis-je"
"647","disant"
"648","discernons"
"649","dise"
"650","disloquée"
"651","dispenser"
"652","dispersés"
"653","dissiper"
"654","distinct"
"655","diversifiés"
"656","doivent"
"657","donné"
"658","donner"
"659","doté"
"660","doué"
"661","dresse"
"662","dresser"
"663","dualité"
"664","Duino"
"665","duquel"
"666","e"
"667","ébranlée"
"668","écart"
"669","écarter"
"670","éclairer"
"671","éclairera"
"672","êcre"
"673","écriteau"
"674","écrivais-je"
"675","édition"
"676","effective"
"677","effet"
"678","efforcer"
"679","effort"
"680","Élégie"
"681","élémentaire"
"682","éléments"
"683","Elle"
"684","elles"
"685","êlre"
"686","embarrassante"
"687","emblée"
"688","émerger"
"689","empêcher"
"690","empiétement"
"691","emplacement"
"692","emploi"
"693","employer"
"694","emporté"
"695","Encore"
"696","enfin"
"697","enlendu"
"698","énonce"
"699","Ens"
"700","ensuite"
"701","Entendons"
"702","entraîner"
"703","Entrée"
"704","entreprise"
"705","envoyée"
"706","éperdument"
"707","époque"
"708","éprouvée"
"709","erreur"
"710","escamoter"
"711","esi"
"712","espèce"
"713","essence"
"714","Essence"
"715","Est-ce"
"716","est-elle"
"717","est-il"
"718","Et"
"719","établie"
"720","étages"
"721","états"
"722","etc"
"723","Étienne"
"724","étions"
"725","etjugement"
"726","Etre"
"727","étymologie"
"728","eux"
"729","évident"
"730","évoqué"
"731","évoquées"
"732","évoquer"
"733","examexr"
"734","exclamation"
"735","exclamative"
"736","exemples"
"737","exercer"
"738","existantes"
"739","existé?"
"740","Existence"
"741","existence-là"
"742","existence?"
"743","exister?"
"744","existerai"
"745","expérimenter"
"746","exposés"
"747","expressions"
"748","extension"
"749","extériorité"
"750","f"
"751","face"
"752","fâcheuse"
"753","façons"
"754","faiblement"
"755","Faisons"
"756","fallacieusement"
"757","fallacieux"
"758","faudra"
"759","Faudrait-il"
"760","fausse"
"761","faut-il"
"762","faute"
"763","ferraille"
"764","ficelle"
"765","figuration"
"766","figurations"
"767","figure"
"768","figurent"
"769","fin"
"770","flétrir"
"771","foncière"
"772","fonction"
"773","fonctionne"
"774","fonctionné"
"775","fondamental"
"776","fondé"
"777","fonderait"
"778","formé"
"779","formule"
"780","formulées"
"781","front"
"782","fût"
"783","garde"
"784","gardée"
"785","garder"
"786","gênante"
"787","genre"
"788","Gide"
"789","glisser"
"790","globale"
"791","globalement"
"792","grammatical"
"793","grand"
"794","grande"
"795","grec"
"796","guettent"
"797","habens"
"798","habens)"
"799","habiller"
"800","haut"
"801","heidegge-"
"802","hésitation"
"803","heure"
"804","Hoc"
"805","Homme"
"806","Homo"
"807","hors"
"808","Hulewicz"
"809","humain"
"810","humaine"
"811","Ici"
"812","Icxte"
"813","idée?)"
"814","idées"
"815","identifier"
"816","ie"
"817","II"
"818","illusion"
"819","illustration"
"820","immédiatement"
"821","immeuble"
"822","impensable"
"823","impliquer"
"824","imponitur"
"825","important"
"826","impossibilité"
"827","impossible"
"828","inaccessible"
"829","inarticulé"
"830","incarné"
"831","inclinais"
"832","incrédulité"
"833","indécomposable"
"834","indigne"
"835","indissolublement"
"836","infinitif"
"837","infligés"
"838","inhérente"
"839","inhumains"
"840","iniini"
"841","Insel"
"842","insoutenable"
"843","inspirent"
"844","instituer"
"845","instrument"
"846","insurmontables"
"847","intégrante"
"848","intelligibilité"
"849","interdiction"
"850","interdite"
"851","intérieur"
"852","interprétation"
"853","intervenir"
"854","intervient"
"855","intime"
"856","intitulait"
"857","intonation"
"858","introduire"
"859","inutilité"
"860","inversement"
"861","ipso"
"862","irais"
"863","irréductible"
"864","isolées"
"865","itinérant"
"866","jointure"
"867","joue"
"868","jouez"
"869","jour"
"870","jugements"
"871","juste"
"872","laissé"
"873","laisser"
"874","langue"
"875","latérale"
"876","latins"
"877","leçons"
"878","Les"
"879","lesté"
"880","lettre"
"881","liaison"
"882","libre"
"883","liés"
"884","limite"
"885","littérature"
"886","longuement"
"887","lorsque"
"888","lourd"
"889","lourd!"
"890","lous"
"891","maintenir"
"892","maintenue"
"893","maison"
"894","Malgré"
"895","malheureusement"
"896","malmené"
"897","manifestation"
"898","manifestations"
"899","manifeste"
"900","manipulé"
"901","mante"
"902","massive"
"903","matériellement"
"904","méfier"
"905","mêmes"
"906","mémoire"
"907","menace"
"908","ment"
"909","mes"
"910","met"
"911","Méta-physique"
"912","Métal"
"913","métaphore"
"914","mettra"
"915","miel"
"916","mien"
"917","mienne"
"918","mille"
"919","modalité"
"920","modes"
"921","moi?"
"922","moindres"
"923","môme"
"924","moments"
"925","monde"
"926","montré"
"927","Morale"
"928","mortalité"
"929","mots?"
"930","mouvement"
"931","muni"
"932","murmurée"
"933","Muzot"
"934","mystérieuse"
"935","mystérieux"
"936","mystique"
"937","N"
"938","n°"
"939","Ne"
"940","née"
"941","nest"
"942","nettement"
"943","nomen"
"944","note"
"945","noté"
"946","novembre"
"947","nudité"
"948","nulle"
"949","objectivité"
"950","Objectivité"
"951","obscurcie"
"952","obscure"
"953","Observons"
"954","occupé"
"955","ombre"
"956","opposer"
"957","or"
"958","Or"
"959","ordinaire"
"960","ores"
"961","origine"
"962","outre"
"963","outrecuidance"
"964","paradoxal"
"965","paradoxale"
"966","parle"
"967","particulier?"
"968","particulière"
"969","particulièrement"
"970","partie"
"971","partielles"
"972","partout"
"973","parut"
"974","parvenus"
"975","pénétrer"
"976","pensées"
"977","perdent"
"978","perdre"
"979","permet"
"980","permis"
"981","personne"
"982","pesante"
"983","pesanteur"
"984","Peut-être"
"985","philosophie"
"986","philosophique"
"987","philosophiquement"
"988","Pierre"
"989","pires"
"990","placé"
"991","plaît"
"992","plan"
"993","pleinement"
"994","Pleix"
"995","Plus"
"996","plus?"
"997","poètes"
"998","poétique"
"999","poids"
"1000","portait"
"1001","portant"
"1002","porté"
"1003","portés"
"1004","porteur"
"1005","posait"
"1006","pose"
"1007","pose-t-elle"
"1008","poser"
"1009","position"
"1010","positions"
"1011","possibilité"
"1012","possible"
"1013","pourquoi"
"1014","pourraient"
"1015","pourrait-on"
"1016","pourtant"
"1017","Pourtant"
"1018","pourvu"
"1019","poussière"
"1020","Pouvons-nous"
"1021","pragmatique?"
"1022","pratiquons"
"1023","pré-"
"1024","préalable"
"1025","préciser"
"1026","premier"
"1027","prenant"
"1028","prenons"
"1029","préoccuper"
"1030","pressentiment"
"1031","prévalu"
"1032","prévenue"
"1033","prime"
"1034","principalement"
"1035","principe"
"1036","prises"
"1037","proclamée"
"1038","proférée"
"1039","profond"
"1040","profondes"
"1041","proposition"
"1042","propositions"
"1043","prudence"
"1044","pseudo-existant"
"1045","pseudo-philosophique"
"1046","puisque"
"1047","puissance"
"1048","pulvérisée"
"1049","purement"
"1050","purs"
"1051","qualifié"
"1052","quand"
"1053","Quand"
"1054","quant"
"1055","quasi"
"1056","quelaue"
"1057","quelconque"
"1058","quitte"
"1059","quoi"
"1060","racines"
"1061","radical?"
"1062","raison"
"1063","rappelé"
"1064","rare"
"1065","réagir"
"1066","rébellion"
"1067","recèle"
"1068","récent"
"1069","recourir"
"1070","recueille"
"1071","réduction"
"1072","réduisons"
"1073","réellement"
"1074","réfèrent"
"1075","référer"
"1076","regardant"
"1077","rejetées"
"1078","relève"
"1079","religieuse"
"1080","relisant"
"1081","remarque"
"1082","remarquons"
"1083","remettreen"
"1084","remonter"
"1085","remontons"
"1086","rend"
"1087","rende"
"1088","renonce"
"1089","renverrait"
"1090","répercussion"
"1091","repère"
"1092","reporte"
"1093","repose"
"1094","représenter"
"1095","répugnerais"
"1096","réserve"
"1097","résident"
"1098","résis-lance"
"1099","résister"
"1100","résoudre"
"1101","ressemblance"
"1102","ressemble"
"1103","ressource"
"1104","restons"
"1105","résulte"
"1106","retenir"
"1107","retenu"
"1108","réussir"
"1109","revenir"
"1110","Revue"
"1111","ri"
"1112","Rien"
"1113","rienne"
"1114","rigueur"
"1115","risquent"
"1116","risquera"
"1117","rôle"
"1118","ruche"
"1119","rudimentaire"
"1120","S"
"1121","sache"
"1122","saisies"
"1123","saisir"
"1124","salue"
"1125","salut"
"1126","saplace"
"1127","schème"
"1128","Scipion"
"1129","scrupule"
"1130","sein"
"1131","selon"
"1132","sembler"
"1133","sentiment"
"1134","serait-ce"
"1135","serait-on"
"1136","servi"
"1137","Seul"
"1138","Seulement"
"1139","siècle"
"1140","signale"
"1141","signification"
"1142","six"
"1143","slogan"
"1144","solide"
"1145","soulevant"
"1146","soulever"
"1147","souvent"
"1148","spécifications"
"1149","spécifier"
"1150","spectacle"
"1151","spectateur"
"1152","spéculations"
"1153","stérile"
"1154","subit"
"1155","subsister"
"1156","subsisterait"
"1157","substantif"
"1158","suffit"
"1159","suivant"
"1160","sûrement"
"1161","surgi"
"1162","surgir"
"1163","survol"
"1164","susceptibles"
"1165","synopsis"
"1166","synoptisés"
"1167","synthétique"
"1168","tableau"
"1169","Tailleurs"
"1170","tard"
"1171","telle?"
"1172","tendance"
"1173","tendra"
"1174","tends"
"1175","tenir"
"1176","tenons"
"1177","tentative"
"1178","tentons"
"1179","texte"
"1180","textes"
"1181","tiré"
"1182","tiroir"
"1183","tortionnaires"
"1184","tournée"
"1185","tourner"
"1186","toute"
"1187","Toute"
"1188","traité"
"1189","traitées"
"1190","traitements"
"1191","traités"
"1192","transcendantaux"
"1193","transcender"
"1194","transmutatrice"
"1195","transposant"
"1196","Très"
"1197","troublé"
"1198","trouver"
"1199","type?"
"1200","unique"
"1201","usant"
"1202","usé"
"1203","usuel"
"1204","vacillement"
"1205","vain"
"1206","vaine"
"1207","valider"
"1208","Vcrlag"
"1209","vécue"
"1210","venons-nous"
"1211","Vens?"
"1212","venu"
"1213","verbal"
"1214","verse"
"1215","vertu"
"1216","Vêtant"
"1217","vétuste"
"1218","Veut-on"
"1219","Viator"
"1220","vicissitudes"
"1221","viendraient"
"1222","vient"
"1223","vigoureux"
"1224","visera"
"1225","visons"
"1226","vocabulaire"
"1227","voie"
"1228","voiture"
"1229","voudrais"
"1230","voulons"
"1231","voulons-nous"
"1232","voyait"
"1233","vu"
"1234","vues"
"1235","xvne"
"1236","Y"
"1237","yeux"
"1238","YYitold"
